{"last_tab":"1","loader":"0","spinner_style":"9","smooth-scroll":"0","favicon":{"url":"http:\/\/zoomarts.works\/dalton\/wp-content\/themes\/dalton\/images\/favicon.png","id":"","height":"","width":"","thumbnail":""},"iphone_icon":{"url":"http:\/\/zoomarts.works\/dalton\/wp-content\/themes\/dalton\/images\/iphone-icon.png","id":"","height":"","width":"","thumbnail":""},"iphone_icon_retina":{"url":"http:\/\/zoomarts.works\/dalton\/wp-content\/themes\/dalton\/images\/iphone-icon-retina.png","id":"","height":"","width":"","thumbnail":""},"ipad_icon":{"url":"http:\/\/zoomarts.works\/dalton\/wp-content\/themes\/dalton\/images\/ipad-icon.png","id":"","height":"","width":"","thumbnail":""},"ipad_icon_retina":{"url":"http:\/\/zoomarts.works\/dalton\/wp-content\/themes\/dalton\/images\/ipad-icon-retina.png","id":"","height":"","width":"","thumbnail":""},"sticky_header":"1","shrink_header":"1","sticky-header-height":"60","check-top-bar":"1","top-bar-layout":"container","top-bar-login":"left-side","top-bar-lang":"right-side","top-bar-email":"left-side","top-bar-email-address":" admin@name.com","top-bar-phone":"left-side","top-bar-phone-num":"1-234-567-890","top-bar-social-check":"right-side","top-bar-social":{"facebook":"#","twitter":"#","google-plus":"#","dribbble":"#","pinterest":"#","behance":"#","instagram":"#","linkedin":"#","tumblr":"#","vk":"","github":"","flickr":"","youtube":"","vimeo":"","skype":"","deviantart":"","soundcloud":""},"header-height":"90","header-layout":"container","custom-logo-checkbox":"1","dark-logo":{"url":"http:\/\/zoomarts.works\/dalton\/wp-content\/uploads\/2014\/12\/dark-logo.png","id":"12","height":"31","width":"101","thumbnail":"http:\/\/zoomarts.works\/dalton\/wp-content\/uploads\/2014\/12\/dark-logo.png"},"dark-logo-retina":{"url":"http:\/\/zoomarts.works\/dalton\/wp-content\/uploads\/2014\/12\/dark-logo-retina.png","id":"13","height":"62","width":"202","thumbnail":"http:\/\/zoomarts.works\/dalton\/wp-content\/uploads\/2014\/12\/dark-logo-retina-150x62.png"},"light-logo":{"url":"http:\/\/zoomarts.works\/dalton\/wp-content\/uploads\/2014\/12\/light-logo.png","id":"14","height":"31","width":"101","thumbnail":"http:\/\/zoomarts.works\/dalton\/wp-content\/uploads\/2014\/12\/light-logo.png"},"light-logo-retina":{"url":"http:\/\/zoomarts.works\/dalton\/wp-content\/uploads\/2014\/12\/light-logo-retina.png","id":"15","height":"62","width":"202","thumbnail":"http:\/\/zoomarts.works\/dalton\/wp-content\/uploads\/2014\/12\/light-logo-retina-150x62.png"},"logo-dimensions":{"width":"101px","height":"31px","units":"px"},"header-wc-cart":"1","header-search":"1","ajax-search":"enabled","ajax-search-count":"8","page_header_title_font":{"font-family":"Raleway","font-options":"","google":"1","font-weight":"800","font-style":"","text-transform":"uppercase","font-size":"18px","line-height":"26px","letter-spacing":"3px","color":"#222222"},"page_header_subtitle_font":{"font-family":"Raleway","font-options":"","google":"1","font-weight":"800","font-style":"","text-transform":"uppercase","font-size":"11px","line-height":"16px","letter-spacing":"3px","color":"#222222"},"page_header_top_padding":"50","page_header_bottom_padding":"50","page_header_text_alignment":"text-left","page_header_bg_color":"#ffffff","footer-cols":"4-cols","copyright-text":"<p style=\"text-align: center;\">\u00a9 ZoOmArts Themes. 2009-2015. All Rights Reserved.<\/p>","blog-layout":"right-sidebar","page-layout":"right-sidebar","search-layout":"right-sidebar","error-page-layout":"fullwidth","category-layout":"right-sidebar","single-post-layout":"right-sidebar","blog-style":"blog-standard","blog-masonry-cols":"blog-fullwidth-cols-5","blog-pagination-style":"standard","blog-excerpts":"0","entry_excerpt_length":"50","post-views":"1","post-likes":"1","post-author-bio":"1","post-related-posts":"1","portfolio-style":"grid-layout","portfolio-layout":"container","portfolio-pagination":"next-prev","projects-per-page":"12","portfolio-cols":"3","projects-hover-style":"style-2","portfolio-spaces":"space-true","check-project-sharing":"1","project-sharing-tooltip":"0","project-sharing":{"enabled":{"placebo":"placebo","facebook":"Facebook","twitter":"Twitter","google-plus":"Google+","pinterest":"Pinterest","linkedin":"Linkedin"},"disabled":{"placebo":"placebo"}},"project-next-prev":"1","project-next-prev-category":"1","custom_styling":"1","primary-color":"","links-color":{"regular":"","hover":""},"loader-bg":"","spinner-color":"","inputs-text-color":"","inputs-bg-color":"","inputs-border":{"border-top":"0","border-right":"0","border-bottom":"0","border-left":"0","border-style":"solid","border-color":""},"inputs-text-color-hover":"","inputs-bg-color-hover":"","inputs-border-hover":{"border-top":"0","border-right":"0","border-bottom":"0","border-left":"0","border-style":"solid","border-color":""},"inputs-text-color-focus":"","inputs-bg-color-focus":"","inputs-border-focus":{"border-top":"0","border-right":"0","border-bottom":"0","border-left":"0","border-style":"solid","border-color":""},"top-bar-bg-color":"","top-bar-text-color":"","top-bar-links-color":{"regular":"","hover":""},"top-bar-borders-color":"","header-bg":"","logo-color":"","menu-color":{"regular":false,"hover":false,"active":false},"menu-dropdown-color":{"regular":false,"hover":false,"active":false},"dropdown-background-color":"","dropdown-borders-color":{"color":false,"alpha":false,"rgba":false},"megamenu-subtitle-color":{"regular":false,"hover":false},"search-icon-color":{"regular":false,"hover":false},"cart-icon-color":{"regular":false,"hover":false},"mobile-menu-icon-color":{"regular":false,"hover":false},"mobile-menu-bg":{"background-color":"","background-repeat":"","background-size":"","background-position":"","background-image":"","media":{"id":"","height":"","width":"","thumbnail":""}},"mobile-menu-links-color":{"regular":false,"hover":false,"active":false},"mobile-menu-dropdown-color":{"regular":false,"hover":false,"active":false},"portfolio-filters-color":"","portfolio-filters-color-hover":"","portfolio-filters-color-active":"","portfolio-filters-bg-color":"","portfolio-filters-bg-color-hover":"","portfolio-filters-bg-color-active":"","portfolio-filters-border":{"border-top":"0","border-right":"0","border-bottom":"0","border-left":"0","border-style":"solid","border-color":""},"portfolio-filters-border-hover":"","portfolio-filters-border-active":"","pagination-color":"","pagination-color-hover":"","pagination-color-active":"","pagination-bg-color":"","pagination-bg-color-hover":"","pagination-bg-color-active":"","pagination-border":{"border-top":"0","border-right":"0","border-bottom":"0","border-left":"0","border-style":"solid","border-color":""},"pagination-border-hover":"","pagination-border-active":"","footer-bg":{"background-color":"","background-repeat":"","background-size":"","background-position":"","background-image":"","media":{"id":"","height":"","width":"","thumbnail":""}},"footer-text-color":"","footer-links-color":{"regular":"","hover":""},"footer-widget-title-color":"","footer-widgets-borders":"","footer-lists-borders":{"color":"","alpha":"","rgba":"0,0,0"},"custom-css":"\/* Mailchimp Form Styles for Product Launch Home  **\/\r\n.mailchimp-form {\r\n    text-align: center;\r\n}\r\n\r\n.mailchimp-form span {\r\n    position: relative;\r\n    width: 90%;\r\n}\r\n\r\n.mailchimp-form .email-input {\r\n    display: block;\r\n    font-size: 14px;\r\n    padding: 13px 125px 13px 16px;\r\n    text-align: center;\r\n    color: #bbb;\r\n    background-color: #fff;\r\n    border: 0;\r\n    width: 100%;\r\n}\r\n\r\n.mailchimp-form .submit-input {\r\n    display: block;\r\n    position: absolute;\r\n    right: 0;\r\n    top: 0;\r\n    font-size: 11px;\r\n    font-style: italic;\r\n    padding: 13px 25px;\r\n    text-align: center;\r\n    color: #fff;\r\n    background-color: #e74c3c;\r\n    border: 0;\r\n}","custom-font-1":{"font-family":"Herr Von Muellerhoff","font-options":"","google":"1","font-weight":"400","font-style":""},"custom-font-2":{"font-family":"Raleway","font-options":"","google":"1","font-weight":"400","font-style":""},"custom-font-3":{"font-family":"Raleway","font-options":"","google":"1","font-weight":"700","font-style":""},"custom-font-4":{"font-family":"Raleway","font-options":"","google":"1","font-weight":"800","font-style":""},"custom-font-5":{"font-family":"Open Sans","font-options":"","google":"1","font-weight":"300","font-style":""},"custom-font-6":{"font-family":"Open Sans","font-options":"","google":"1","font-weight":"400","font-style":""},"custom-font-7":{"font-family":"Open Sans","font-options":"","google":"1","font-weight":"700","font-style":""},"custom-font-8":{"font-family":"Playball","font-options":"","google":"1","font-weight":"400","font-style":""},"custom-font-9":{"font-family":"Crimson Text","font-options":"","google":"1","font-weight":"400","font-style":"italic"},"custom-font-10":{"font-family":"Roboto Slab","font-options":"","google":"1","font-weight":"300","font-style":""},"custom-font-11":{"font-family":"Roboto Slab","font-options":"","google":"1","font-weight":"400","font-style":""},"custom-font-12":{"font-family":"Roboto Slab","font-options":"","google":"1","font-weight":"700","font-style":""},"custom-font-13":{"font-family":"Open Sans","font-options":"","google":"1","font-weight":"600","font-style":""},"custom-font-14":{"font-family":"Montserrat","font-options":"","google":"1","font-weight":"400","font-style":""},"custom-font-15":{"font-family":"Montserrat","font-options":"","google":"1","font-weight":"700","font-style":""},"body_font":{"font-family":"Open Sans","font-options":"","google":"1","font-weight":"400","font-style":"","font-size":"13px","line-height":"23px","letter-spacing":"0px","color":"#666666"},"blockquote_font":{"font-family":"Crimson Text","font-options":"","google":"1","font-weight":"400","font-style":"italic","font-size":"20px","line-height":"26px","letter-spacing":"0px","color":"#aaaaaa"},"h1_font":{"font-family":"Raleway","font-options":"","google":"1","font-weight":"600","font-style":"","font-size":"24px","line-height":"36px","letter-spacing":"2px","color":"#333333"},"h2_font":{"font-family":"Raleway","font-options":"","google":"1","font-weight":"600","font-style":"","font-size":"22px","line-height":"32px","letter-spacing":"2px","color":"#333333"},"h3_font":{"font-family":"Raleway","font-options":"","google":"1","font-weight":"600","font-style":"","font-size":"18px","line-height":"28px","letter-spacing":"2px","color":"#333333"},"h4_font":{"font-family":"Raleway","font-options":"","google":"1","font-weight":"600","font-style":"","font-size":"16px","line-height":"26px","letter-spacing":"2px","color":"#333333"},"h5_font":{"font-family":"Raleway","font-options":"","google":"1","font-weight":"600","font-style":"","font-size":"14px","line-height":"20px","letter-spacing":"2px","color":"#333333"},"h6_font":{"font-family":"Raleway","font-options":"","google":"1","font-weight":"600","font-style":"","font-size":"12px","line-height":"18px","letter-spacing":"2px","color":"#333333"},"logo_font":{"font-family":"","font-options":"","google":"1","font-weight":"","font-style":"","font-size":"","line-height":"","letter-spacing":""},"menu_font":{"font-family":"Raleway","font-options":"","google":"1","font-weight":"800","font-style":"","font-size":"11px","letter-spacing":"1px"},"menu_dropdown_font":{"font-family":"Raleway","font-options":"","google":"1","font-weight":"500","font-style":"","font-size":"10px","letter-spacing":"1px"},"mobile_menu_font":{"font-family":"Raleway","font-options":"","google":"1","font-weight":"800","font-style":"","font-size":"11px","letter-spacing":"1px"},"mobile_menu_dropdown_font":{"font-family":"Raleway","font-options":"","google":"1","font-weight":"800","font-style":"","font-size":"10px","letter-spacing":"1px"},"blog_posts_title":{"font-family":"Open Sans","font-options":"","google":"1","font-weight":"700","font-style":"","text-transform":"uppercase","font-size":"20px","line-height":"26px","letter-spacing":"2px"},"button_font":{"font-family":"Raleway","font-options":"","google":"1","font-weight":"700","font-style":"","text-transform":"uppercase","letter-spacing":"2px"},"gmap-center-latitude":"40.776566","gmap-center-longitude":"-73.975724","check-location-1":"1","location-1-latitude":"40.776566","location-1-longitude":"-73.975724","location-1-info":"<p>Dalton Theme<\/p>","check-location-2":"1","location-2-latitude":"40.773014","location-2-longitude":"-73.933825","location-2-info":"<p>Dalton Theme<\/p>","check-location-3":"1","location-3-latitude":"40.767684","location-3-longitude":"-74.026351","location-3-info":"<p>Dalton Theme<\/p>","check-location-4":"0","location-4-latitude":"","location-4-longitude":"","location-4-info":"","check-location-5":"0","location-5-latitude":"","location-5-longitude":"","location-5-info":"","check-location-6":"0","location-6-latitude":"","location-6-longitude":"","location-6-info":"","check-location-7":"0","location-7-latitude":"","location-7-longitude":"","location-7-info":"","check-location-8":"0","location-8-latitude":"","location-8-longitude":"","location-8-info":"","check-location-9":"0","location-9-latitude":"","location-9-longitude":"","location-9-info":"","check-location-10":"0","location-10-latitude":"","location-10-longitude":"","location-10-info":"","shop-layout":"right-sidebar","products-num-page":"12","shop-columns":"3","product-layout":"right-sidebar","related-products":"1","related-products-num":"4","custom_sidebars":["Shop Sidebar","Mini Sidebar","Single Shop Sidebar"],"redux-backup":"1"}