{"sidebar-1":{"search-2":{"title":""},"recent-posts-2":{"title":"","number":5},"recent-comments-2":{"title":"","number":5},"archives-2":{"title":"","count":0,"dropdown":0},"categories-2":{"title":"","count":0,"hierarchical":0,"dropdown":0},"meta-2":{"title":""}},"main-sidebar":{"search-3":{"title":""},"categories-3":{"title":"","count":1,"hierarchical":0,"dropdown":0},"zoomarts_recent_posts_thumb-1":{"title":"Recent Posts","number":"5","style":"default","order":"ASC","date":"","post_type":"post"},"smart_comments-1":{"title":"Recent Comments","limit":"5"},"text-1":{"title":"Iframe Video","text":"<iframe src=\"\/\/player.vimeo.com\/video\/45641225?color=ffffff&title=0&byline=0&portrait=0\" width=\"500\" height=\"281\" frameborder=\"0\" webkitallowfullscreen mozallowfullscreen allowfullscreen><\/iframe>","filter":false},"tag_cloud-1":{"title":"","taxonomy":"post_tag"},"wap8-flickr-me-widget-1":{"title":"Flickr Photos","flickr_id":"44163884@N08","flickr_thumb":null,"flickr_group":false,"flickr_count":8},"za-twitter-widget-1":{"title":"Twitter Feed","username":"ThemeForest","count":"3"}},"single-sidebar":{"search-4":{"title":""},"categories-4":{"title":"","count":0,"hierarchical":0,"dropdown":0},"zoomarts_recent_posts_thumb-2":{"title":"Recent Posts","number":"5","style":"default","order":"ASC","date":"","post_type":"post"},"tag_cloud-2":{"title":"","taxonomy":"post_tag"},"za-twitter-widget-2":{"title":"Twitter Feed","username":"ThemeForest","count":"3"}},"footer-widget-1":{"shortcodes-ultimate-1":{"title":"","content":"<img src=\"http:\/\/zoomarts.works\/dalton\/wp-content\/uploads\/2014\/12\/light-logo.png\" \/>\r\n\r\n[za_divider style=\"empty-space\" margin_bottom=\"20px\" width=\"100%\" height=\"1px\" position=\"left\" color=\"#333333\"]\r\n\r\n[za_custom_font borders_color=\"#333333\" element_tag=\"p\" text_align=\"left\" font_size=\"12px\" line_height=\"22px\" letter_spacing=\"0px\" color=\"#666666\"]It is a long established fact that a reader will be distracted by the readable content of a page when looking at its layout. Contrary to popular belief, Lorem Ipsum is not simply random text.[\/za_custom_font]"},"shortcodes-ultimate-2":{"title":"","content":"[za_custom_font borders_color=\"#333333\" font_family=\"custom-font-4\" text_align=\"left\" font_size=\"13px\" line_height=\"20px\" letter_spacing=\"2px\" text_transform=\"uppercase\" color=\"#eee\"]Get In Touch[\/za_custom_font]\r\n\r\n[za_divider style=\"solid-line\" margin_top=\"6px\" margin_bottom=\"10px\" width=\"40px\" height=\"2px\" position=\"left\" color=\"#444444\"]\r\n\r\n[za_social_icons][za_social_icon social_icon=\"facebook\" social_icon_link=\"#\"][za_social_icon social_icon=\"twitter\" social_icon_link=\"#\"][za_social_icon social_icon=\"instagram\" social_icon_link=\"#\"][za_social_icon social_icon=\"behance\" social_icon_link=\"#\"][za_social_icon social_icon=\"skype\" social_icon_link=\"#\"][\/za_social_icons]"}},"footer-widget-2":{"nav_menu-1":{"title":"Need Help?","nav_menu":83}},"footer-widget-3":{"recent-comments-3":{"title":"","number":5}},"footer-widget-4":{"zoomarts_recent_posts_thumb-3":{"title":"Recent Posts","number":"12","style":"grid","order":"ASC","date":"","post_type":"portfolio"}},"shop-sidebar":{"search-5":{"title":""},"woocommerce_product_categories-1":{"title":"Product Categories","orderby":"order","dropdown":0,"count":"1","hierarchical":"1","show_children_only":0},"woocommerce_price_filter-1":{"title":"Filter by price"},"woocommerce_products-1":{"title":"Latest Products","number":"5","show":"","orderby":"date","order":"desc","hide_free":0,"show_hidden":0},"woocommerce_product_tag_cloud-1":{"title":"Product Tags"},"woocommerce_top_rated_products-1":{"title":"Top Rated Products","number":"5"}},"mini-sidebar":{"search-6":{"title":""},"categories-5":{"title":"","count":0,"hierarchical":0,"dropdown":0},"wap8-flickr-me-widget-2":{"title":"Flickr Feed","flickr_id":"44163884@N08","flickr_thumb":null,"flickr_group":false,"flickr_count":8},"za-twitter-widget-3":{"title":"Twitter Feed","username":"ThemeForest","count":"3"}},"single-shop-sidebar":{"search-7":{"title":""},"woocommerce_product_categories-2":{"title":"Product Categories","orderby":"name","dropdown":0,"count":0,"hierarchical":"1","show_children_only":0},"woocommerce_top_rated_products-2":{"title":"Top Rated Products","number":"7"},"woocommerce_product_tag_cloud-2":{"title":"Product Tags"}}}